center1,center2,far_base,close_base,far_ecc,close_ecc
"[(390.5, 7.5)]","[(212.5, 6.5)]","[(390.5, 7.5)]","[(212.5, 6.5)]",390.5720164067057,212.59938852216862
"[(385.5, 15.5)]","[(209.5, 2.5)]","[(385.5, 15.5)]","[(209.5, 2.5)]",385.8114824626141,209.51491593678958
"[(220.5, 8.5)]","[(374.5, -0.5)]","[(374.5, -0.5)]","[(220.5, 8.5)]",374.5003337782224,220.6637713808046
"[(464.5, -4.5)]","[(278.5, 9.5)]","[(464.5, -4.5)]","[(278.5, 9.5)]",464.52179712043653,278.6619816193088
"[(469.5, 17.5)]","[(221.5, -4.5)]","[(469.5, 17.5)]","[(221.5, -4.5)]",469.8260316329865,221.54570634521446
"[(387.5, -14.5)]","[(201.5, -7.5)]","[(387.5, -14.5)]","[(201.5, -7.5)]",387.7711954232805,201.63952985463936
"[(397.5, -7.5)]","[(225.5, 5.5)]","[(397.5, -7.5)]","[(225.5, 5.5)]",397.57074842095716,225.56706319850866
"[(247.5, 0.5)]","[(430.5, 13.5)]","[(430.5, 13.5)]","[(247.5, 0.5)]",430.71162046083685,247.50050504998975
"[(424.5, 17.5)]","[(210.5, -8.5)]","[(424.5, 17.5)]","[(210.5, -8.5)]",424.86056536233156,210.67154530215987
"[(391.5, -5.5)]","[(225.5, 2.5)]","[(391.5, -5.5)]","[(225.5, 2.5)]",391.5386315550485,225.5138576673283
"[(433.5, 14.5)]","[(219.5, 6.5)]","[(433.5, 14.5)]","[(219.5, 6.5)]",433.7424350925328,219.59622036820215
"[(449.5, 13.5)]","[(237.5, -0.5)]","[(449.5, 13.5)]","[(237.5, -0.5)]",449.7026795561708,237.5005263152063
"[(464.5, 6.5)]","[(265.5, 9.5)]","[(464.5, 6.5)]","[(265.5, 9.5)]",464.54547678348996,265.66990796851644
"[(224.5, 0.5)]","[(439.5, -14.5)]","[(439.5, -14.5)]","[(224.5, 0.5)]",439.73912721066796,224.50055679218258
"[(394.5, 6.5)]","[(208.5, 3.5)]","[(394.5, 6.5)]","[(208.5, 3.5)]",394.5535451621237,208.52937442959924
"[(455.5, 8.5)]","[(256.5, -0.5)]","[(455.5, 8.5)]","[(256.5, -0.5)]",455.57930154913754,256.50048732897176
"[(492.5, 1.5)]","[(222.5, -7.5)]","[(492.5, 1.5)]","[(222.5, -7.5)]",492.5022842586621,222.62636860893187
"[(476.5, -2.5)]","[(216.5, -1.5)]","[(476.5, -2.5)]","[(216.5, -1.5)]",476.50655819201484,216.50519624249208
"[(294.5, -4.5)]","[(495.5, -0.5)]","[(495.5, -0.5)]","[(294.5, -4.5)]",495.5002522703697,294.5343782990366
"[(489.5, -12.5)]","[(254.5, 0.5)]","[(489.5, -12.5)]","[(254.5, 0.5)]",489.6595756237184,254.50049115866162
"[(473.5, 11.5)]","[(263.5, 10.5)]","[(473.5, 11.5)]","[(263.5, 10.5)]",473.6396309431887,263.70912005465414
"[(274.5, 8.5)]","[(500.5, 16.5)]","[(500.5, 16.5)]","[(274.5, 8.5)]",500.77190416396166,274.6315713824614
"[(477.5, 0.5)]","[(245.5, 7.5)]","[(477.5, 0.5)]","[(245.5, 7.5)]",477.50026178003293,245.61453540049294
"[(276.5, 11.5)]","[(485.5, -19.5)]","[(485.5, -19.5)]","[(276.5, 11.5)]",485.89144878254444,276.7390467570487
"[(236.5, -3.5)]","[(402.5, -4.5)]","[(402.5, -4.5)]","[(236.5, -3.5)]",402.52515449348004,236.52589710219894
"[(286.5, -10.5)]","[(505.5, -4.5)]","[(505.5, -4.5)]","[(286.5, -10.5)]",505.5200292767835,286.692343811271
"[(346.5, -8.5)]","[(201.5, -6.5)]","[(346.5, -8.5)]","[(201.5, -6.5)]",346.6042411742822,201.60481145052069
"[(421.5, 1.5)]","[(229.5, 1.5)]","[(421.5, 1.5)]","[(229.5, 1.5)]",421.5026690306955,229.5049019084342
"[(365.5, -11.5)]","[(211.5, 7.5)]","[(365.5, -11.5)]","[(211.5, 7.5)]",365.6808717994421,211.6329369450795
"[(409.5, -9.5)]","[(216.5, 1.5)]","[(409.5, -9.5)]","[(216.5, 1.5)]",409.61018053754475,216.50519624249208
"[(489.5, -12.5)]","[(254.5, 0.5)]","[(489.5, -12.5)]","[(254.5, 0.5)]",489.6595756237184,254.50049115866162
"[(387.5, 14.5)]","[(215.5, -8.5)]","[(387.5, 14.5)]","[(215.5, -8.5)]",387.7711954232805,215.667568261897
"[(361.5, -14.5)]","[(201.5, 0.5)]","[(361.5, -14.5)]","[(201.5, 0.5)]",361.7906853416765,201.50062034643963
"[(386.5, -2.5)]","[(201.5, 4.5)]","[(386.5, -2.5)]","[(201.5, 4.5)]",386.50808529706075,201.55024187532
"[(353.5, 9.5)]","[(212.5, -8.5)]","[(353.5, 9.5)]","[(212.5, -8.5)]",353.6276290110828,212.66993205434565
"[(503.5, -19.5)]","[(252.5, 6.5)]","[(503.5, -19.5)]","[(252.5, 6.5)]",503.8774652631332,252.58364951041466
"[(459.5, 1.5)]","[(253.5, 4.5)]","[(459.5, 1.5)]","[(253.5, 4.5)]",459.5024483068616,253.53993768240932
"[(386.5, -6.5)]","[(221.5, 9.5)]","[(386.5, -6.5)]","[(221.5, 9.5)]",386.5546533156728,221.7036310031931
"[(371.5, -12.5)]","[(209.5, 1.5)]","[(371.5, -12.5)]","[(209.5, 1.5)]",371.7102366091093,209.5053698595814
"[(364.5, -8.5)]","[(213.5, -1.5)]","[(364.5, -8.5)]","[(213.5, -1.5)]",364.5990948973955,213.50526925581954
"[(359.5, 1.5)]","[(212.5, -3.5)]","[(359.5, 1.5)]","[(212.5, -3.5)]",359.5031293326944,212.52882157486312
"[(490.5, -16.5)]","[(251.5, 3.5)]","[(490.5, -16.5)]","[(251.5, 3.5)]",490.7774444694866,251.524352697706
"[(425.5, 3.5)]","[(216.5, -7.5)]","[(425.5, 3.5)]","[(216.5, -7.5)]",425.51439458612913,216.6298686700428
"[(490.5, -17.5)]","[(249.5, -0.5)]","[(490.5, -17.5)]","[(249.5, -0.5)]",490.81208216587333,249.500501001501
"[(466.5, -9.5)]","[(203.5, -2.5)]","[(466.5, -9.5)]","[(203.5, -2.5)]",466.5967209486153,203.51535568600224
"[(487.5, 14.5)]","[(291.5, -4.5)]","[(487.5, 14.5)]","[(291.5, -4.5)]",487.7155933533395,291.5347320646375
"[(227.5, -2.5)]","[(397.5, 2.5)]","[(397.5, 2.5)]","[(227.5, -2.5)]",397.50786155747915,227.51373584906912
"[(494.5, 16.5)]","[(227.5, -2.5)]","[(494.5, 16.5)]","[(227.5, -2.5)]",494.77520148042987,227.51373584906912
"[(394.5, 10.5)]","[(204.5, -8.5)]","[(394.5, 10.5)]","[(204.5, -8.5)]",394.6397091018591,204.67657413587906
"[(390.5, -6.5)]","[(200.5, -1.5)]","[(390.5, -6.5)]","[(200.5, -1.5)]",390.5540935645151,200.50561089405952
"[(418.5, -16.5)]","[(201.5, -1.5)]","[(418.5, -16.5)]","[(201.5, -1.5)]",418.8251425117647,201.50558304920486
"[(378.5, 1.5)]","[(218.5, 6.5)]","[(378.5, 1.5)]","[(218.5, 6.5)]",378.5029722472467,218.59666054173837
"[(357.5, 7.5)]","[(206.5, -3.5)]","[(357.5, 7.5)]","[(206.5, -3.5)]",357.5786626743827,206.52965888704702
"[(389.5, -15.5)]","[(218.5, 9.5)]","[(389.5, -15.5)]","[(218.5, 9.5)]",389.8082862125945,218.70642423120543
"[(439.5, 12.5)]","[(211.5, 0.5)]","[(439.5, 12.5)]","[(211.5, 0.5)]",439.6777228834775,211.5005910157227
"[(377.5, -1.5)]","[(216.5, 4.5)]","[(377.5, -1.5)]","[(216.5, 4.5)]",377.50298012068725,216.54676169363512
"[(391.5, -5.5)]","[(225.5, 2.5)]","[(391.5, -5.5)]","[(225.5, 2.5)]",391.5386315550485,225.5138576673283
"[(511.5, -15.5)]","[(202.5, -3.5)]","[(511.5, -15.5)]","[(202.5, -3.5)]",511.73479459579454,202.53024465496506
"[(360.5, 15.5)]","[(216.5, -2.5)]","[(360.5, 15.5)]","[(216.5, -2.5)]",360.8330638952035,216.5144336990031
"[(368.5, 6.5)]","[(205.5, -7.5)]","[(368.5, 6.5)]","[(205.5, -7.5)]",368.5573225429119,205.6368157699394
"[(471.5, 3.5)]","[(281.5, 5.5)]","[(471.5, 3.5)]","[(281.5, 5.5)]",471.5129902770442,281.55372489100546
"[(493.5, -5.5)]","[(253.5, -3.5)]","[(493.5, -5.5)]","[(253.5, -3.5)]",493.53064747794537,253.52416058435142
"[(342.5, 8.5)]","[(203.5, 7.5)]","[(342.5, 8.5)]","[(203.5, 7.5)]",342.6054582168825,203.6381594888345
"[(300.5, -10.5)]","[(503.5, -14.5)]","[(503.5, -14.5)]","[(300.5, -10.5)]",503.7087452089749,300.6833883007174
"[(353.5, 9.5)]","[(212.5, -8.5)]","[(353.5, 9.5)]","[(212.5, -8.5)]",353.6276290110828,212.66993205434565
"[(264.5, -10.5)]","[(454.5, 8.5)]","[(454.5, 8.5)]","[(264.5, -10.5)]",454.579475999522,264.7083300540427
"[(468.5, 5.5)]","[(274.5, -0.5)]","[(468.5, 5.5)]","[(274.5, -0.5)]",468.53228277248945,274.5004553730285
"[(496.5, -21.5)]","[(216.5, -0.5)]","[(496.5, -21.5)]","[(216.5, -0.5)]",496.96529053848417,216.50057736643566
"[(302.5, -12.5)]","[(503.5, 8.5)]","[(503.5, 8.5)]","[(302.5, -12.5)]",503.5717426544107,302.7581543080219
"[(420.5, -10.5)]","[(231.5, -9.5)]","[(420.5, -10.5)]","[(231.5, -9.5)]",420.63107350741456,231.69484241130618
"[(475.5, 4.5)]","[(218.5, -1.5)]","[(475.5, 4.5)]","[(218.5, -1.5)]",475.52129289864615,218.50514868075763
"[(464.5, -14.5)]","[(266.5, -0.5)]","[(464.5, -14.5)]","[(266.5, -0.5)]",464.72626351434025,266.5004690427392
"[(492.5, -15.5)]","[(220.5, -0.5)]","[(492.5, -15.5)]","[(220.5, -0.5)]",492.74384826195444,220.5005668926953
"[(492.5, 1.5)]","[(222.5, -7.5)]","[(492.5, 1.5)]","[(222.5, -7.5)]",492.5022842586621,222.62636860893187
"[(486.5, 4.5)]","[(276.5, 0.5)]","[(486.5, 4.5)]","[(276.5, 0.5)]",486.52081147675483,276.5004520791964
"[(438.5, -6.5)]","[(237.5, 4.5)]","[(438.5, -6.5)]","[(237.5, 4.5)]",438.5481729525275,237.5426277534203
"[(430.5, -8.5)]","[(237.5, 9.5)]","[(430.5, -8.5)]","[(237.5, 9.5)]",430.5839058766595,237.68992406073926
"[(205.5, 4.5)]","[(444.5, -13.5)]","[(444.5, -13.5)]","[(205.5, 4.5)]",444.7049583712779,205.5492641679848
"[(473.5, 11.5)]","[(263.5, 10.5)]","[(473.5, 11.5)]","[(263.5, 10.5)]",473.6396309431887,263.70912005465414
"[(500.5, 12.5)]","[(272.5, -3.5)]","[(500.5, 12.5)]","[(272.5, -3.5)]",500.65606957271575,272.52247613729037
"[(485.5, 12.5)]","[(285.5, -9.5)]","[(485.5, 12.5)]","[(285.5, -9.5)]",485.66088992217607,285.6580123154259
"[(465.5, 17.5)]","[(220.5, 8.5)]","[(465.5, 17.5)]","[(220.5, 8.5)]",465.8288312245175,220.6637713808046
"[(306.5, 10.5)]","[(509.5, -11.5)]","[(509.5, -11.5)]","[(306.5, 10.5)]",509.62976757642406,306.6798004433941
"[(363.5, 10.5)]","[(217.5, 8.5)]","[(363.5, 10.5)]","[(217.5, 8.5)]",363.6516189981835,217.666028585078
"[(456.5, -18.5)]","[(265.5, -0.5)]","[(456.5, -18.5)]","[(265.5, -0.5)]",456.8747093022331,265.50047080937543
"[(394.5, 7.5)]","[(231.5, 9.5)]","[(394.5, 7.5)]","[(231.5, 9.5)]",394.57128633492835,231.69484241130618
"[(377.5, -1.5)]","[(216.5, 4.5)]","[(377.5, -1.5)]","[(216.5, 4.5)]",377.50298012068725,216.54676169363512
"[(440.5, 6.5)]","[(214.5, -6.5)]","[(440.5, 6.5)]","[(214.5, -6.5)]",440.54795425696847,214.59846224984932
"[(426.5, 0.5)]","[(240.5, -5.5)]","[(426.5, 0.5)]","[(240.5, -5.5)]",426.5002930831349,240.5628815923188
"[(236.5, -2.5)]","[(465.5, 12.5)]","[(465.5, 12.5)]","[(236.5, -2.5)]",465.66780004634205,236.51321316154832
"[(475.5, 4.5)]","[(234.5, 1.5)]","[(475.5, 4.5)]","[(234.5, 1.5)]",475.52129289864615,234.50479739229218
"[(507.5, 7.5)]","[(285.5, -9.5)]","[(507.5, 7.5)]","[(285.5, -9.5)]",507.55541569369547,285.6580123154259
"[(468.5, 8.5)]","[(221.5, 6.5)]","[(468.5, 8.5)]","[(221.5, 6.5)]",468.5771014464962,221.59535193681296
"[(379.5, 3.5)]","[(215.5, 3.5)]","[(379.5, 3.5)]","[(215.5, 3.5)]",379.51613931425896,215.52842039972361
"[(459.5, -19.5)]","[(246.5, -6.5)]","[(459.5, -19.5)]","[(246.5, -6.5)]",459.9135788384596,246.58568490486223
"[(490.5, -15.5)]","[(202.5, 4.5)]","[(490.5, -15.5)]","[(202.5, 4.5)]",490.7448420513455,202.5499938286842
"[(368.5, -15.5)]","[(220.5, -4.5)]","[(368.5, -15.5)]","[(220.5, -4.5)]",368.82583965877444,220.54591358717124
"[(496.5, -12.5)]","[(209.5, 8.5)]","[(496.5, -12.5)]","[(209.5, 8.5)]",496.6573265341004,209.67236346261754
"[(264.5, -2.5)]","[(452.5, -17.5)]","[(452.5, -17.5)]","[(264.5, -2.5)]",452.83827135082123,264.5118144809415
"[(411.5, 11.5)]","[(201.5, 4.5)]","[(411.5, 11.5)]","[(201.5, 4.5)]",411.66066122475195,201.55024187532
"[(241.5, -7.5)]","[(468.5, -9.5)]","[(468.5, -9.5)]","[(241.5, -7.5)]",468.5963081373988,241.61643156043837
"[(362.5, 1.5)]","[(213.5, -6.5)]","[(362.5, 1.5)]","[(213.5, -6.5)]",362.5031034349913,213.5989232182597
"[(420.5, 11.5)]","[(230.5, -0.5)]","[(420.5, 11.5)]","[(230.5, -0.5)]",420.6572238771135,230.5005422987113
"[(210.5, 0.5)]","[(416.5, 17.5)]","[(416.5, 17.5)]","[(210.5, 0.5)]",416.86748493975875,210.50059382339043
"[(273.5, -1.5)]","[(471.5, -14.5)]","[(471.5, -14.5)]","[(273.5, -1.5)]",471.7229059522126,273.50411331458986
"[(470.5, -12.5)]","[(211.5, 7.5)]","[(470.5, -12.5)]","[(211.5, 7.5)]",470.66601746886295,211.6329369450795
"[(428.5, 6.5)]","[(222.5, 4.5)]","[(428.5, 6.5)]","[(222.5, 4.5)]",428.54929704760923,222.54550096553288
"[(471.5, 11.5)]","[(201.5, -2.5)]","[(471.5, 11.5)]","[(201.5, -2.5)]",471.6402230514272,201.51550808808736
"[(473.5, 11.5)]","[(263.5, 10.5)]","[(473.5, 11.5)]","[(263.5, 10.5)]",473.6396309431887,263.70912005465414
"[(498.5, 7.5)]","[(284.5, 6.5)]","[(498.5, 7.5)]","[(284.5, 6.5)]",498.55641606542383,284.5742433882589
"[(470.5, -15.5)]","[(271.5, 8.5)]","[(470.5, -15.5)]","[(271.5, 8.5)]",470.7552442618138,271.63302450180834
"[(378.5, -14.5)]","[(203.5, 3.5)]","[(378.5, -14.5)]","[(203.5, 3.5)]",378.77763925554,203.530096054613
"[(250.5, -5.5)]","[(465.5, -1.5)]","[(465.5, -1.5)]","[(250.5, -5.5)]",465.5024167499026,250.5603719665183
"[(426.5, 18.5)]","[(237.5, -4.5)]","[(426.5, 18.5)]","[(237.5, -4.5)]",426.90104239741555,237.5426277534203
"[(337.5, 3.5)]","[(201.5, 4.5)]","[(337.5, 3.5)]","[(201.5, 4.5)]",337.51814766024063,201.55024187532
"[(380.5, -4.5)]","[(206.5, -4.5)]","[(380.5, -4.5)]","[(206.5, -4.5)]",380.52660879365584,206.54902565734847
"[(391.5, -5.5)]","[(225.5, 2.5)]","[(391.5, -5.5)]","[(225.5, 2.5)]",391.5386315550485,225.5138576673283
"[(303.5, 11.5)]","[(509.5, 5.5)]","[(509.5, 5.5)]","[(303.5, 11.5)]",509.5296851018594,303.71779664682145
"[(297.5, -10.5)]","[(511.5, -15.5)]","[(511.5, -15.5)]","[(297.5, -10.5)]",511.73479459579454,297.68523644950886
"[(486.5, -5.5)]","[(282.5, 7.5)]","[(486.5, -5.5)]","[(282.5, 7.5)]",486.5310884208737,282.5995399854713
"[(456.5, -11.5)]","[(216.5, -6.5)]","[(456.5, -11.5)]","[(216.5, -6.5)]",456.6448291615706,216.5975530794381
"[(434.5, -4.5)]","[(210.5, 5.5)]","[(434.5, -4.5)]","[(210.5, 5.5)]",434.5233020218824,210.571840472557
"[(435.5, 10.5)]","[(233.5, -7.5)]","[(435.5, 10.5)]","[(233.5, -7.5)]",435.6265602554555,233.62041862816702
"[(473.5, -5.5)]","[(236.5, -8.5)]","[(473.5, -5.5)]","[(236.5, -8.5)]",473.5319419004382,236.65269911834937
"[(473.5, 11.5)]","[(263.5, 10.5)]","[(473.5, 11.5)]","[(263.5, 10.5)]",473.6396309431887,263.70912005465414
"[(440.5, -17.5)]","[(257.5, 7.5)]","[(440.5, -17.5)]","[(257.5, 7.5)]",440.84747929414317,257.60920014626805
"[(421.5, 1.5)]","[(227.5, -0.5)]","[(421.5, 1.5)]","[(227.5, -0.5)]",421.5026690306955,227.50054944988594
"[(337.5, 3.5)]","[(201.5, 4.5)]","[(337.5, 3.5)]","[(201.5, 4.5)]",337.51814766024063,201.55024187532
"[(374.5, 15.5)]","[(224.5, 2.5)]","[(374.5, 15.5)]","[(224.5, 2.5)]",374.82062376555535,224.51391939031308
"[(209.5, 6.5)]","[(436.5, -13.5)]","[(436.5, -13.5)]","[(209.5, 6.5)]",436.70871298841746,209.60081106713304
"[(438.5, -4.5)]","[(260.5, -2.5)]","[(438.5, -4.5)]","[(260.5, -2.5)]",438.5230894719228,260.51199588502635
"[(373.5, 5.5)]","[(219.5, -2.5)]","[(373.5, 5.5)]","[(219.5, -2.5)]",373.5404931195546,219.51423644037305
"[(493.5, -20.5)]","[(277.5, 10.5)]","[(493.5, -20.5)]","[(277.5, 10.5)]",493.9256016851121,277.69857759808565
"[(394.5, 10.5)]","[(204.5, -8.5)]","[(394.5, 10.5)]","[(204.5, -8.5)]",394.6397091018591,204.67657413587906
"[(410.5, -8.5)]","[(240.5, -10.5)]","[(410.5, -8.5)]","[(240.5, -10.5)]",410.5879930051535,240.72910085820533
"[(241.5, -7.5)]","[(468.5, -9.5)]","[(468.5, -9.5)]","[(241.5, -7.5)]",468.5963081373988,241.61643156043837
"[(239.5, -7.5)]","[(494.5, 19.5)]","[(494.5, 19.5)]","[(239.5, -7.5)]",494.8843299196288,239.6174033746297
"[(426.5, -12.5)]","[(240.5, -10.5)]","[(426.5, -12.5)]","[(240.5, -10.5)]",426.68313770290945,240.72910085820533
"[(451.5, -15.5)]","[(238.5, -3.5)]","[(451.5, -15.5)]","[(238.5, -3.5)]",451.76597924146523,238.5256799592027
"[(426.5, 0.5)]","[(240.5, -5.5)]","[(426.5, 0.5)]","[(240.5, -5.5)]",426.5002930831349,240.5628815923188
"[(286.5, -10.5)]","[(505.5, -4.5)]","[(505.5, -4.5)]","[(286.5, -10.5)]",505.5200292767835,286.692343811271
"[(370.5, -13.5)]","[(210.5, 2.5)]","[(370.5, -13.5)]","[(210.5, 2.5)]",370.74586983539007,210.51484508224118
"[(484.5, 1.5)]","[(273.5, -7.5)]","[(484.5, 1.5)]","[(273.5, -7.5)]",484.50232197586007,273.60281431301104
"[(268.5, -3.5)]","[(487.5, -15.5)]","[(487.5, -15.5)]","[(268.5, -3.5)]",487.746348012981,268.52281094908864
"[(250.5, -5.5)]","[(465.5, -1.5)]","[(465.5, -1.5)]","[(250.5, -5.5)]",465.5024167499026,250.5603719665183
"[(490.5, 20.5)]","[(240.5, -5.5)]","[(490.5, 20.5)]","[(240.5, -5.5)]",490.9282024899364,240.5628815923188
"[(469.5, -12.5)]","[(202.5, 3.5)]","[(469.5, -12.5)]","[(202.5, 3.5)]",469.66637094857026,202.53024465496506
"[(453.5, -14.5)]","[(250.5, 4.5)]","[(453.5, -14.5)]","[(250.5, 4.5)]",453.7317489442413,250.54041590130723
"[(453.5, 19.5)]","[(249.5, 6.5)]","[(453.5, 19.5)]","[(249.5, 6.5)]",453.91904564580676,249.58465497702377
"[(353.5, -1.5)]","[(200.5, -4.5)]","[(353.5, -1.5)]","[(200.5, -4.5)]",353.503182446778,200.55049239530678
"[(447.5, -16.5)]","[(244.5, 9.5)]","[(447.5, -16.5)]","[(244.5, 9.5)]",447.80408662717673,244.684490722236
"[(234.5, 4.5)]","[(471.5, -4.5)]","[(471.5, -4.5)]","[(234.5, 4.5)]",471.5214735301034,234.54317299806448
"[(500.5, 2.5)]","[(256.5, -5.5)]","[(500.5, 2.5)]","[(256.5, -5.5)]",500.5062437172987,256.5589600852015
"[(423.5, -10.5)]","[(232.5, -0.5)]","[(423.5, -10.5)]","[(232.5, -0.5)]",423.63014529185716,232.500537633787
"[(473.5, 11.5)]","[(263.5, 10.5)]","[(473.5, 11.5)]","[(263.5, 10.5)]",473.6396309431887,263.70912005465414
"[(471.5, -8.5)]","[(240.5, -7.5)]","[(471.5, -8.5)]","[(240.5, -7.5)]",471.5766109552084,240.61691544860267
"[(397.5, -4.5)]","[(215.5, 6.5)]","[(397.5, -4.5)]","[(215.5, 6.5)]",397.5254708820556,215.59800555663776
"[(394.5, 6.5)]","[(208.5, 3.5)]","[(394.5, 6.5)]","[(208.5, 3.5)]",394.5535451621237,208.52937442959924
"[(368.5, -7.5)]","[(208.5, 4.5)]","[(368.5, -7.5)]","[(208.5, 4.5)]",368.5763150285162,208.54855549727503
"[(424.5, 9.5)]","[(240.5, -1.5)]","[(424.5, 9.5)]","[(240.5, -1.5)]",424.60628822475064,240.50467770918718
"[(386.5, -15.5)]","[(228.5, -1.5)]","[(386.5, -15.5)]","[(228.5, -1.5)]",386.81067720527057,228.5049233605263
"[(379.5, 3.5)]","[(215.5, 3.5)]","[(379.5, 3.5)]","[(215.5, 3.5)]",379.51613931425896,215.52842039972361
"[(477.5, -12.5)]","[(267.5, 2.5)]","[(477.5, -12.5)]","[(267.5, 2.5)]",477.66358454460396,267.51168198790873
"[(364.5, -10.5)]","[(204.5, 3.5)]","[(364.5, -10.5)]","[(204.5, 3.5)]",364.6512032065711,204.52994890724437
"[(302.5, 7.5)]","[(508.5, 16.5)]","[(508.5, 16.5)]","[(302.5, 7.5)]",508.76762868720334,302.5929609227551
"[(396.5, 4.5)]","[(222.5, 6.5)]","[(396.5, 4.5)]","[(222.5, 6.5)]",396.52553511722294,222.59492357194492
"[(486.5, -14.5)]","[(234.5, -2.5)]","[(486.5, -14.5)]","[(234.5, -2.5)]",486.71603630864684,234.51332584738122
"[(473.5, -6.5)]","[(283.5, -4.5)]","[(473.5, -6.5)]","[(283.5, -4.5)]",473.54461247067314,283.53571203642053
"[(479.5, -9.5)]","[(251.5, 8.5)]","[(479.5, -9.5)]","[(251.5, 8.5)]",479.5940992130741,251.64359717664186
"[(466.5, 1.5)]","[(261.5, -4.5)]","[(466.5, 1.5)]","[(261.5, -4.5)]",466.5024115693294,261.53871606322457
"[(390.5, -6.5)]","[(200.5, -1.5)]","[(390.5, -6.5)]","[(200.5, -1.5)]",390.5540935645151,200.50561089405952
"[(215.5, -6.5)]","[(469.5, -2.5)]","[(469.5, -2.5)]","[(215.5, -6.5)]",469.5066559698595,215.59800555663776
"[(470.5, -15.5)]","[(217.5, 1.5)]","[(470.5, -15.5)]","[(217.5, 1.5)]",470.7552442618138,217.50517235229142
"[(456.5, -18.5)]","[(265.5, -0.5)]","[(456.5, -18.5)]","[(265.5, -0.5)]",456.8747093022331,265.50047080937543
"[(236.5, -3.5)]","[(402.5, -4.5)]","[(402.5, -4.5)]","[(236.5, -3.5)]",402.52515449348004,236.52589710219894
"[(343.5, 3.5)]","[(203.5, 0.5)]","[(343.5, 3.5)]","[(203.5, 0.5)]",343.51783068714207,203.5006142496872
"[(268.5, -1.5)]","[(462.5, 7.5)]","[(462.5, 7.5)]","[(268.5, -1.5)]",462.5608068135475,268.50418991144255
"[(403.5, -8.5)]","[(213.5, -2.5)]","[(403.5, -8.5)]","[(213.5, -2.5)]",403.58951918998093,213.514636500639
"[(300.5, -9.5)]","[(500.5, 4.5)]","[(500.5, 4.5)]","[(300.5, -9.5)]",500.5202293614115,300.650128887383
"[(353.5, -1.5)]","[(200.5, -4.5)]","[(353.5, -1.5)]","[(200.5, -4.5)]",353.503182446778,200.55049239530678
"[(489.5, 15.5)]","[(286.5, 11.5)]","[(489.5, 15.5)]","[(286.5, 11.5)]",489.74534198907907,286.7307099004221
"[(404.5, 13.5)]","[(233.5, -1.5)]","[(404.5, 13.5)]","[(233.5, -1.5)]",404.725215423996,233.50481793744643
"[(432.5, -18.5)]","[(256.5, 8.5)]","[(432.5, -18.5)]","[(256.5, 8.5)]",432.89548392192773,256.6407995623455
"[(361.5, 1.5)]","[(204.5, 8.5)]","[(361.5, 1.5)]","[(204.5, 8.5)]",361.5031120197999,204.67657413587906
"[(364.5, -14.5)]","[(216.5, -1.5)]","[(364.5, -14.5)]","[(216.5, -1.5)]",364.78829476834915,216.50519624249208
"[(342.5, -2.5)]","[(204.5, -2.5)]","[(342.5, -2.5)]","[(204.5, -2.5)]",342.50912396606316,204.51528060269726
"[(449.5, 3.5)]","[(259.5, 1.5)]","[(449.5, 3.5)]","[(259.5, 1.5)]",449.51362604486195,259.50433522390335
"[(427.5, -2.5)]","[(212.5, 1.5)]","[(427.5, -2.5)]","[(212.5, 1.5)]",427.50730987902415,212.5052940517012
"[(409.5, 15.5)]","[(203.5, -1.5)]","[(409.5, 15.5)]","[(203.5, -1.5)]",409.79324054942634,203.50552818044034
"[(441.5, 8.5)]","[(236.5, 1.5)]","[(441.5, 8.5)]","[(236.5, 1.5)]",441.5818157487919,236.50475682319797
"[(389.5, 13.5)]","[(219.5, 0.5)]","[(389.5, 13.5)]","[(219.5, 0.5)]",389.733883566723,219.50056947534327
"[(337.5, 2.5)]","[(200.5, -4.5)]","[(337.5, 2.5)]","[(200.5, -4.5)]",337.5092591322496,200.55049239530678
"[(450.5, -11.5)]","[(229.5, 0.5)]","[(450.5, -11.5)]","[(229.5, 0.5)]",450.64675744977905,229.50054466166307
"[(343.5, 3.5)]","[(203.5, 0.5)]","[(343.5, 3.5)]","[(203.5, 0.5)]",343.51783068714207,203.5006142496872
"[(447.5, -16.5)]","[(244.5, 9.5)]","[(447.5, -16.5)]","[(244.5, 9.5)]",447.80408662717673,244.684490722236
"[(254.5, -6.5)]","[(503.5, -20.5)]","[(503.5, -20.5)]","[(254.5, -6.5)]",503.9171558897355,254.58299236201935
"[(432.5, 1.5)]","[(205.5, -8.5)]","[(432.5, 1.5)]","[(205.5, -8.5)]",432.50260114824744,205.6757156302124
"[(482.5, 12.5)]","[(253.5, -0.5)]","[(482.5, 12.5)]","[(253.5, -0.5)]",482.6618899395311,253.50049309616736
"[(502.5, 20.5)]","[(290.5, -5.5)]","[(502.5, 20.5)]","[(290.5, -5.5)]",502.91798536143045,290.55206073955145
"[(468.5, 2.5)]","[(274.5, -4.5)]","[(468.5, 2.5)]","[(274.5, -4.5)]",468.5066701766369,274.5368827680536
"[(373.5, 5.5)]","[(219.5, -2.5)]","[(373.5, 5.5)]","[(219.5, -2.5)]",373.5404931195546,219.51423644037305
"[(494.5, 4.5)]","[(278.5, -8.5)]","[(494.5, 4.5)]","[(278.5, -8.5)]",494.5204748036223,278.62968255374375
"[(388.5, 14.5)]","[(231.5, -7.5)]","[(388.5, 14.5)]","[(231.5, -7.5)]",388.77049785188177,231.62145841868798
"[(264.5, -5.5)]","[(474.5, -11.5)]","[(474.5, -11.5)]","[(264.5, -5.5)]",474.63933676002875,264.5571771848195
"[(390.5, -6.5)]","[(200.5, -1.5)]","[(390.5, -6.5)]","[(200.5, -1.5)]",390.5540935645151,200.50561089405952
"[(352.5, -0.5)]","[(201.5, -5.5)]","[(352.5, -0.5)]","[(201.5, -5.5)]",352.50035460975073,201.57504805902937
"[(353.5, -1.5)]","[(200.5, -4.5)]","[(353.5, -1.5)]","[(200.5, -4.5)]",353.503182446778,200.55049239530678
"[(391.5, -5.5)]","[(225.5, 2.5)]","[(391.5, -5.5)]","[(225.5, 2.5)]",391.5386315550485,225.5138576673283
"[(378.5, 10.5)]","[(206.5, -7.5)]","[(378.5, 10.5)]","[(206.5, -7.5)]",378.6456126776065,206.63615366145393
"[(236.5, -3.5)]","[(402.5, -4.5)]","[(402.5, -4.5)]","[(236.5, -3.5)]",402.52515449348004,236.52589710219894
"[(447.5, 7.5)]","[(200.5, -4.5)]","[(447.5, 7.5)]","[(200.5, -4.5)]",447.5628447492039,200.55049239530678
"[(436.5, -2.5)]","[(252.5, -4.5)]","[(436.5, -2.5)]","[(252.5, -4.5)]",436.50715916236703,252.54009582638557
"[(451.5, -7.5)]","[(245.5, 4.5)]","[(451.5, -7.5)]","[(245.5, 4.5)]",451.562288062234,245.5412388988864
"[(364.5, -10.5)]","[(204.5, 3.5)]","[(364.5, -10.5)]","[(204.5, 3.5)]",364.6512032065711,204.52994890724437
"[(492.5, -18.5)]","[(293.5, -0.5)]","[(492.5, -18.5)]","[(293.5, -0.5)]",492.8473394470138,293.50042589406917
"[(383.5, 3.5)]","[(219.5, 1.5)]","[(383.5, 3.5)]","[(219.5, 1.5)]",383.5159709842603,219.5051252249022
"[(235.5, 8.5)]","[(439.5, 8.5)]","[(439.5, 8.5)]","[(235.5, 8.5)]",439.5821879921888,235.65334710120288
"[(344.5, -13.5)]","[(202.5, 1.5)]","[(344.5, -13.5)]","[(202.5, 1.5)]",344.7644123165847,202.50555547934974
"[(420.5, 3.5)]","[(247.5, -1.5)]","[(420.5, 3.5)]","[(247.5, -1.5)]",420.5145657405936,247.50454541280652
"[(459.5, 1.5)]","[(253.5, 4.5)]","[(459.5, 1.5)]","[(253.5, 4.5)]",459.5024483068616,253.53993768240932
"[(335.5, -10.5)]","[(200.5, 6.5)]","[(335.5, -10.5)]","[(200.5, 6.5)]",335.6642667904941,200.60533392709178
"[(210.5, -3.5)]","[(365.5, -6.5)]","[(365.5, -6.5)]","[(210.5, -3.5)]",365.55779296849903,210.52909537638735
"[(456.5, 3.5)]","[(204.5, 2.5)]","[(456.5, 3.5)]","[(204.5, 2.5)]",456.51341710841314,204.51528060269726
"[(379.5, 3.5)]","[(215.5, 3.5)]","[(379.5, 3.5)]","[(215.5, 3.5)]",379.51613931425896,215.52842039972361
"[(426.5, -12.5)]","[(240.5, -10.5)]","[(426.5, -12.5)]","[(240.5, -10.5)]",426.68313770290945,240.72910085820533
"[(381.5, 9.5)]","[(215.5, 8.5)]","[(381.5, 9.5)]","[(215.5, 8.5)]",381.6182647620525,215.667568261897
"[(267.5, -0.5)]","[(471.5, 7.5)]","[(471.5, 7.5)]","[(267.5, -0.5)]",471.55964628029824,267.5004672893115
"[(443.5, -4.5)]","[(251.5, -0.5)]","[(443.5, -4.5)]","[(251.5, -0.5)]",443.52282917568067,251.50049701740153
"[(487.5, 14.5)]","[(291.5, -4.5)]","[(487.5, 14.5)]","[(291.5, -4.5)]",487.7155933533395,291.5347320646375
"[(287.5, -0.5)]","[(496.5, 21.5)]","[(496.5, 21.5)]","[(287.5, -0.5)]",496.96529053848417,287.5004347822799
"[(441.5, 8.5)]","[(265.5, -9.5)]","[(441.5, 8.5)]","[(265.5, -9.5)]",441.5818157487919,265.66990796851644
"[(493.5, -6.5)]","[(264.5, 2.5)]","[(493.5, -6.5)]","[(264.5, 2.5)]",493.5428046279269,264.5118144809415
"[(381.5, 1.5)]","[(225.5, -4.5)]","[(381.5, 1.5)]","[(225.5, -4.5)]",381.5029488745795,225.5448957524865
"[(403.5, -3.5)]","[(200.5, -7.5)]","[(403.5, -3.5)]","[(200.5, -7.5)]",403.51517939229996,200.64022527898038
"[(265.5, 6.5)]","[(468.5, 15.5)]","[(468.5, 15.5)]","[(265.5, 6.5)]",468.75633329054875,265.57955493599275
"[(494.5, 16.5)]","[(227.5, -2.5)]","[(494.5, 16.5)]","[(227.5, -2.5)]",494.77520148042987,227.51373584906912
"[(346.5, -11.5)]","[(201.5, 8.5)]","[(346.5, -11.5)]","[(201.5, 8.5)]",346.69078441746905,201.67920071241852
"[(342.5, 8.5)]","[(203.5, 7.5)]","[(342.5, 8.5)]","[(203.5, 7.5)]",342.6054582168825,203.6381594888345
"[(507.5, -10.5)]","[(202.5, -5.5)]","[(507.5, -10.5)]","[(202.5, -5.5)]",507.6086090680496,202.57467758829088
"[(368.5, -7.5)]","[(208.5, 4.5)]","[(368.5, -7.5)]","[(208.5, 4.5)]",368.5763150285162,208.54855549727503
"[(217.5, 5.5)]","[(497.5, 19.5)]","[(497.5, 19.5)]","[(217.5, 5.5)]",497.8820141358794,217.5695291165562
"[(427.5, -3.5)]","[(221.5, 7.5)]","[(427.5, -3.5)]","[(221.5, 7.5)]",427.5143272452983,221.62693879580613
"[(406.5, -7.5)]","[(204.5, 7.5)]","[(406.5, -7.5)]","[(204.5, 7.5)]",406.5691823048077,204.63748434732088
"[(352.5, 5.5)]","[(208.5, -1.5)]","[(352.5, 5.5)]","[(208.5, -1.5)]",352.5429051902761,208.50539561363874
"[(214.5, 0.5)]","[(495.5, 1.5)]","[(495.5, 1.5)]","[(214.5, 0.5)]",495.50227042870347,214.50058274979114
"[(241.5, -0.5)]","[(439.5, 5.5)]","[(439.5, 5.5)]","[(241.5, -0.5)]",439.5344127596837,241.500517597789
"[(425.5, -1.5)]","[(207.5, 0.5)]","[(425.5, -1.5)]","[(207.5, 0.5)]",425.5026439400818,207.5006024087641
"[(393.5, 5.5)]","[(215.5, -3.5)]","[(393.5, 5.5)]","[(215.5, -3.5)]",393.5384352258366,215.52842039972361
"[(243.5, 8.5)]","[(466.5, 0.5)]","[(466.5, 0.5)]","[(243.5, 8.5)]",466.50026795276335,243.64831212220616
"[(450.5, 6.5)]","[(217.5, -8.5)]","[(450.5, 6.5)]","[(217.5, -8.5)]",450.546889901595,217.666028585078
"[(413.5, -1.5)]","[(243.5, 0.5)]","[(413.5, -1.5)]","[(243.5, 0.5)]",413.5027206681958,243.50051334648145
"[(444.5, 12.5)]","[(212.5, -6.5)]","[(444.5, 12.5)]","[(212.5, -6.5)]",444.6757245454265,212.59938852216862
"[(426.5, -0.5)]","[(233.5, 9.5)]","[(426.5, -0.5)]","[(233.5, 9.5)]",426.5002930831349,233.69317491103587
"[(409.5, 1.5)]","[(240.5, 8.5)]","[(409.5, 1.5)]","[(240.5, 8.5)]",409.5027472435319,240.6501610221776
"[(396.5, 3.5)]","[(213.5, 6.5)]","[(396.5, 3.5)]","[(213.5, 6.5)]",396.5154473661776,213.5989232182597
"[(213.5, 0.5)]","[(439.5, -3.5)]","[(439.5, -3.5)]","[(213.5, 0.5)]",439.51393607029115,213.5005854792909
"[(383.5, 0.5)]","[(215.5, 3.5)]","[(383.5, 0.5)]","[(215.5, 3.5)]",383.5003259451027,215.52842039972361
"[(293.5, 8.5)]","[(498.5, 9.5)]","[(498.5, 9.5)]","[(293.5, 8.5)]",498.5905133473761,293.6230576776967
"[(365.5, 3.5)]","[(210.5, 0.5)]","[(365.5, 3.5)]","[(210.5, 0.5)]",365.5167574817877,210.50059382339043
"[(271.5, 11.5)]","[(452.5, -4.5)]","[(452.5, -4.5)]","[(271.5, 11.5)]",452.52237513740687,271.7434451831359
"[(350.5, 9.5)]","[(205.5, -3.5)]","[(350.5, 9.5)]","[(205.5, -3.5)]",350.6287210141234,205.52980319165394
"[(300.5, 3.5)]","[(508.5, -17.5)]","[(508.5, -17.5)]","[(300.5, 3.5)]",508.8010416656004,300.5203820042827
"[(268.5, 8.5)]","[(472.5, 10.5)]","[(472.5, 10.5)]","[(268.5, 8.5)]",472.61665226692975,268.6345100689783
"[(200.5, -5.5)]","[(445.5, 8.5)]","[(445.5, 8.5)]","[(200.5, -5.5)]",445.58108128599895,200.57542222316272
"[(273.5, 8.5)]","[(465.5, -3.5)]","[(465.5, -3.5)]","[(273.5, 8.5)]",465.51315770878057,273.6320522161101
"[(274.5, 1.5)]","[(472.5, -12.5)]","[(472.5, -12.5)]","[(274.5, 1.5)]",472.6653149957166,274.50409833006137
"[(207.5, 0.5)]","[(465.5, 16.5)]","[(465.5, 16.5)]","[(207.5, 0.5)]",465.792335703369,207.5006024087641
"[(242.5, -1.5)]","[(440.5, 13.5)]","[(440.5, 13.5)]","[(242.5, -1.5)]",440.7068186447766,242.50463913088342
"[(277.5, -10.5)]","[(500.5, -13.5)]","[(500.5, -13.5)]","[(277.5, -10.5)]",500.6820348284927,277.69857759808565
"[(427.5, 9.5)]","[(227.5, -9.5)]","[(427.5, 9.5)]","[(227.5, -9.5)]",427.60554252722216,227.6982652547006
"[(426.5, -0.5)]","[(233.5, 9.5)]","[(426.5, -0.5)]","[(233.5, 9.5)]",426.5002930831349,233.69317491103587
"[(423.5, 11.5)]","[(230.5, -5.5)]","[(423.5, 11.5)]","[(230.5, -5.5)]",423.6561105425012,230.5656088838923
"[(230.5, -2.5)]","[(427.5, 10.5)]","[(427.5, 10.5)]","[(230.5, -2.5)]",427.6289279270054,230.51355708504434
"[(437.5, 9.5)]","[(207.5, -3.5)]","[(437.5, 9.5)]","[(207.5, -3.5)]",437.60313070178097,207.52951597302973
"[(465.5, 13.5)]","[(270.5, 5.5)]","[(465.5, 13.5)]","[(270.5, 5.5)]",465.69571610655817,270.55590919438447
"[(468.5, 7.5)]","[(240.5, -4.5)]","[(468.5, 7.5)]","[(240.5, -4.5)]",468.56002817141797,240.542096107937
"[(413.5, -1.5)]","[(243.5, 0.5)]","[(413.5, -1.5)]","[(243.5, 0.5)]",413.5027206681958,243.50051334648145
"[(415.5, 3.5)]","[(240.5, -4.5)]","[(415.5, 3.5)]","[(240.5, -4.5)]",415.51474101408246,240.542096107937
"[(475.5, 0.5)]","[(264.5, 9.5)]","[(475.5, 0.5)]","[(264.5, 9.5)]",475.500262881105,264.6705499295303
"[(230.5, -0.5)]","[(418.5, -13.5)]","[(418.5, -13.5)]","[(230.5, -0.5)]",418.7176853203122,230.5005422987113
"[(460.5, 4.5)]","[(270.5, 9.5)]","[(460.5, 4.5)]","[(270.5, 9.5)]",460.5219864458156,270.666769293905
"[(453.5, -15.5)]","[(237.5, 3.5)]","[(453.5, -15.5)]","[(237.5, 3.5)]",453.76480692094225,237.52578807363213
"[(478.5, -5.5)]","[(213.5, 6.5)]","[(478.5, -5.5)]","[(213.5, 6.5)]",478.53160815143656,213.5989232182597
"[(431.5, -10.5)]","[(252.5, -8.5)]","[(431.5, -10.5)]","[(252.5, -8.5)]",431.62773312195776,252.64302879755064
"[(348.5, 7.5)]","[(202.5, -1.5)]","[(348.5, 7.5)]","[(202.5, -1.5)]",348.5806936707769,202.50555547934974
"[(406.5, -7.5)]","[(204.5, 7.5)]","[(406.5, -7.5)]","[(204.5, 7.5)]",406.5691823048077,204.63748434732088
"[(444.5, 15.5)]","[(204.5, -0.5)]","[(444.5, 15.5)]","[(204.5, -0.5)]",444.7701653663384,204.50061124603027
"[(441.5, -8.5)]","[(240.5, 3.5)]","[(441.5, -8.5)]","[(240.5, 3.5)]",441.5818157487919,240.52546642715402
"[(335.5, -4.5)]","[(200.5, 8.5)]","[(335.5, -4.5)]","[(200.5, 8.5)]",335.5301774803572,200.6800936814611
"[(408.5, 17.5)]","[(222.5, -6.5)]","[(408.5, 17.5)]","[(222.5, -6.5)]",408.8746751756582,222.59492357194492
"[(507.5, 7.5)]","[(277.5, -1.5)]","[(507.5, 7.5)]","[(277.5, -1.5)]",507.55541569369547,277.50405402444125
"[(397.5, 1.5)]","[(213.5, -0.5)]","[(397.5, 1.5)]","[(213.5, -0.5)]",397.50283017860386,213.5005854792909
"[(202.5, 0.5)]","[(369.5, 14.5)]","[(369.5, 14.5)]","[(202.5, 0.5)]",369.7843966421515,202.50061728300977
"[(349.5, -13.5)]","[(201.5, 7.5)]","[(349.5, -13.5)]","[(201.5, 7.5)]",349.76063243309704,201.63952985463936
"[(242.5, -1.5)]","[(440.5, 13.5)]","[(440.5, 13.5)]","[(242.5, -1.5)]",440.7068186447766,242.50463913088342
"[(501.5, -7.5)]","[(272.5, 6.5)]","[(501.5, -7.5)]","[(272.5, 6.5)]",501.55607861933044,272.5775119117496
"[(412.5, -14.5)]","[(232.5, -5.5)]","[(412.5, -14.5)]","[(232.5, -5.5)]",412.7547698089024,232.5650446649281
"[(474.5, 12.5)]","[(224.5, 4.5)]","[(474.5, 12.5)]","[(224.5, 4.5)]",474.6646184412738,224.54509569349315
"[(457.5, -10.5)]","[(271.5, 10.5)]","[(457.5, -10.5)]","[(271.5, 10.5)]",457.62047594048937,271.70296281049275
"[(440.5, 13.5)]","[(235.5, -2.5)]","[(440.5, 13.5)]","[(235.5, -2.5)]",440.7068186447766,235.51326926523694
"[(249.5, 9.5)]","[(479.5, -11.5)]","[(479.5, -11.5)]","[(249.5, 9.5)]",479.6378842418518,249.680796217891
"[(400.5, 5.5)]","[(213.5, -6.5)]","[(400.5, 5.5)]","[(213.5, -6.5)]",400.5377635130051,213.5989232182597
"[(218.5, -1.5)]","[(454.5, -14.5)]","[(454.5, -14.5)]","[(218.5, -1.5)]",454.73123930515266,218.50514868075763
"[(412.5, 8.5)]","[(245.5, -6.5)]","[(412.5, 8.5)]","[(245.5, -6.5)]",412.58756646316914,245.58603380485624
"[(392.5, -1.5)]","[(217.5, -6.5)]","[(392.5, -1.5)]","[(217.5, -6.5)]",392.5028662315729,217.5971047601507
"[(353.5, 9.5)]","[(206.5, 1.5)]","[(353.5, 9.5)]","[(206.5, 1.5)]",353.6276290110828,206.50544787002593
"[(417.5, -7.5)]","[(241.5, 1.5)]","[(417.5, -7.5)]","[(241.5, 1.5)]",417.56735983551204,241.50465834016535
"[(418.5, 1.5)]","[(200.5, -2.5)]","[(418.5, 1.5)]","[(200.5, -2.5)]",418.5026881634095,200.51558542916308
"[(390.5, -14.5)]","[(233.5, 0.5)]","[(390.5, -14.5)]","[(233.5, 0.5)]",390.76911341609383,233.50053533129213
"[(343.5, -3.5)]","[(203.5, -7.5)]","[(343.5, -3.5)]","[(203.5, -7.5)]",343.51783068714207,203.6381594888345
"[(414.5, -3.5)]","[(246.5, -0.5)]","[(414.5, -3.5)]","[(246.5, -0.5)]",414.5147765761795,246.5005070988699
"[(386.5, 1.5)]","[(231.5, -9.5)]","[(386.5, 1.5)]","[(231.5, -9.5)]",386.5029107264265,231.69484241130618
"[(437.5, -0.5)]","[(251.5, -10.5)]","[(437.5, -0.5)]","[(251.5, -10.5)]",437.50028571419244,251.71908946283753
"[(210.5, -8.5)]","[(475.5, 9.5)]","[(475.5, 9.5)]","[(210.5, -8.5)]",475.59489063697896,210.67154530215987
"[(356.5, 4.5)]","[(200.5, 4.5)]","[(356.5, 4.5)]","[(200.5, 4.5)]",356.52839999080015,200.55049239530678
"[(337.5, 3.5)]","[(201.5, 3.5)]","[(337.5, 3.5)]","[(201.5, 3.5)]",337.51814766024063,201.53039472992654
"[(399.5, -15.5)]","[(213.5, 5.5)]","[(399.5, -15.5)]","[(213.5, 5.5)]",399.80057528722995,213.57083134173544
"[(218.5, 0.5)]","[(497.5, -12.5)]","[(497.5, -12.5)]","[(218.5, 0.5)]",497.65701039973305,218.50057208163093
"[(214.5, 0.5)]","[(495.5, 1.5)]","[(495.5, 1.5)]","[(214.5, 0.5)]",495.50227042870347,214.50058274979114
"[(453.5, 4.5)]","[(217.5, 1.5)]","[(453.5, 4.5)]","[(217.5, 1.5)]",453.5223258010569,217.50517235229142
"[(451.5, -14.5)]","[(200.5, 0.5)]","[(451.5, -14.5)]","[(200.5, 0.5)]",451.7327749898163,200.50062344042723
"[(508.5, -8.5)]","[(223.5, 0.5)]","[(508.5, -8.5)]","[(223.5, 0.5)]",508.5710373192716,223.50055928341655
"[(401.5, -6.5)]","[(226.5, -9.5)]","[(401.5, -6.5)]","[(226.5, -9.5)]",401.5526117459579,226.6991398307457
"[(379.5, 16.5)]","[(211.5, -7.5)]","[(379.5, 16.5)]","[(211.5, -7.5)]",379.85852629630415,211.6329369450795
"[(210.5, -8.5)]","[(475.5, 9.5)]","[(475.5, 9.5)]","[(210.5, -8.5)]",475.59489063697896,210.67154530215987
"[(230.5, -0.5)]","[(418.5, -13.5)]","[(418.5, -13.5)]","[(230.5, -0.5)]",418.7176853203122,230.5005422987113
"[(421.5, 8.5)]","[(238.5, 5.5)]","[(421.5, 8.5)]","[(238.5, 5.5)]",421.58569710083856,238.56340876169588
"[(342.5, -13.5)]","[(204.5, -4.5)]","[(342.5, -13.5)]","[(204.5, -4.5)]",342.7659551355706,204.54950501040085
"[(473.5, -10.5)]","[(264.5, -10.5)]","[(473.5, -10.5)]","[(264.5, -10.5)]",473.61640596584067,264.7083300540427
"[(272.5, -8.5)]","[(475.5, -8.5)]","[(475.5, -8.5)]","[(272.5, -8.5)]",475.5759665920893,272.63253657624944
"[(425.5, 12.5)]","[(232.5, 5.5)]","[(425.5, 12.5)]","[(232.5, 5.5)]",425.68356792340484,232.5650446649281
"[(407.5, 9.5)]","[(233.5, -7.5)]","[(407.5, 9.5)]","[(233.5, -7.5)]",407.6107211543877,233.62041862816702
"[(415.5, -11.5)]","[(225.5, 1.5)]","[(415.5, -11.5)]","[(225.5, 1.5)]",415.65911514124167,225.50498885833989
"[(352.5, 5.5)]","[(208.5, -1.5)]","[(352.5, 5.5)]","[(208.5, -1.5)]",352.5429051902761,208.50539561363874
"[(409.5, 1.5)]","[(240.5, 8.5)]","[(409.5, 1.5)]","[(240.5, 8.5)]",409.5027472435319,240.6501610221776
"[(511.5, 8.5)]","[(219.5, -8.5)]","[(511.5, 8.5)]","[(219.5, -8.5)]",511.57062073578857,219.66451693434695
"[(460.5, 17.5)]","[(265.5, 11.5)]","[(460.5, 17.5)]","[(265.5, 11.5)]",460.8323990346165,265.74894167239876
"[(446.5, 8.5)]","[(253.5, -2.5)]","[(446.5, 8.5)]","[(253.5, -2.5)]",446.5808997259063,253.51232711645403
"[(366.5, -8.5)]","[(204.5, -5.5)]","[(366.5, -8.5)]","[(204.5, -5.5)]",366.59855427974617,204.57394751042958
"[(379.5, 16.5)]","[(218.5, 2.5)]","[(379.5, 16.5)]","[(218.5, 2.5)]",379.85852629630415,218.5143015914519
"[(305.5, 8.5)]","[(508.5, -8.5)]","[(508.5, -8.5)]","[(305.5, 8.5)]",508.5710373192716,305.61822589629696
"[(389.5, -12.5)]","[(202.5, -1.5)]","[(389.5, -12.5)]","[(202.5, -1.5)]",389.7005260453211,202.50555547934974
"[(231.5, 0.5)]","[(504.5, -2.5)]","[(504.5, -2.5)]","[(231.5, 0.5)]",504.50619421370834,231.50053995617375
"[(228.5, -0.5)]","[(427.5, 12.5)]","[(427.5, 12.5)]","[(228.5, -0.5)]",427.68270949384896,228.50054704529703
"[(433.5, -16.5)]","[(202.5, 3.5)]","[(433.5, -16.5)]","[(202.5, 3.5)]",433.8139001922368,202.53024465496506
"[(222.5, -2.5)]","[(415.5, -12.5)]","[(415.5, -12.5)]","[(222.5, -2.5)]",415.6879839495003,222.5140445005663
"[(370.5, 8.5)]","[(217.5, 6.5)]","[(370.5, 8.5)]","[(217.5, 6.5)]",370.5974905473592,217.5971047601507
"[(370.5, -2.5)]","[(202.5, -8.5)]","[(370.5, -2.5)]","[(202.5, -8.5)]",370.5084344519029,202.67831655112985
"[(282.5, 8.5)]","[(502.5, 19.5)]","[(502.5, 19.5)]","[(282.5, 8.5)]",502.8782158733862,282.62784717716687
"[(484.5, -4.5)]","[(269.5, -6.5)]","[(484.5, -4.5)]","[(269.5, -6.5)]",484.52089738214596,269.57837450359403
"[(440.5, -4.5)]","[(212.5, -0.5)]","[(440.5, -4.5)]","[(212.5, -0.5)]",440.5229846443883,212.50058823447995
"[(202.5, -4.5)]","[(475.5, -17.5)]","[(475.5, -17.5)]","[(202.5, -4.5)]",475.82192047025325,202.5499938286842
"[(370.5, 5.5)]","[(220.5, -6.5)]","[(370.5, 5.5)]","[(220.5, -6.5)]",370.540820963089,220.5957841845578
"[(242.5, -10.5)]","[(415.5, 1.5)]","[(415.5, 1.5)]","[(242.5, -10.5)]",415.5027075724056,242.72721314265527
"[(213.5, -5.5)]","[(478.5, 18.5)]","[(478.5, 18.5)]","[(213.5, -5.5)]",478.8574944594686,213.57083134173544
"[(442.5, 18.5)]","[(235.5, -2.5)]","[(442.5, 18.5)]","[(235.5, -2.5)]",442.88655432288755,235.51326926523694
"[(427.5, 16.5)]","[(230.5, 5.5)]","[(427.5, 16.5)]","[(230.5, 5.5)]",427.81830255378276,230.5656088838923
"[(449.5, -14.5)]","[(247.5, 1.5)]","[(449.5, -14.5)]","[(247.5, 1.5)]",449.7338101588538,247.50454541280652
"[(457.5, 3.5)]","[(207.5, 8.5)]","[(457.5, 3.5)]","[(207.5, 8.5)]",457.5133877822593,207.67402341169202
"[(372.5, 1.5)]","[(212.5, 2.5)]","[(372.5, 1.5)]","[(212.5, 2.5)]",372.50302012198506,212.5147053735341
"[(262.5, -7.5)]","[(484.5, -14.5)]","[(484.5, -14.5)]","[(262.5, -7.5)]",484.7169277011068,262.60712100017395
"[(352.5, 5.5)]","[(208.5, -1.5)]","[(352.5, 5.5)]","[(208.5, -1.5)]",352.5429051902761,208.50539561363874
"[(244.5, -4.5)]","[(439.5, 12.5)]","[(439.5, 12.5)]","[(244.5, -4.5)]",439.6777228834775,244.54140753663785
"[(397.5, -5.5)]","[(219.5, -0.5)]","[(397.5, -5.5)]","[(219.5, -0.5)]",397.5380484934744,219.50056947534327
"[(442.5, -13.5)]","[(239.5, -0.5)]","[(442.5, -13.5)]","[(239.5, -0.5)]",442.7058843069516,239.50052192009937
"[(262.5, 2.5)]","[(445.5, -5.5)]","[(445.5, -5.5)]","[(262.5, 2.5)]",445.53394932373,262.51190449196775
"[(361.5, -9.5)]","[(207.5, 1.5)]","[(361.5, -9.5)]","[(207.5, 1.5)]",361.624805565105,207.50542161591827
"[(378.5, 15.5)]","[(200.5, -2.5)]","[(378.5, 15.5)]","[(200.5, -2.5)]",378.81723825612795,200.51558542916308
"[(468.5, 14.5)]","[(270.5, 1.5)]","[(468.5, 14.5)]","[(270.5, 1.5)]",468.72433263059855,270.50415893290807
"[(353.5, -7.5)]","[(211.5, -1.5)]","[(353.5, -7.5)]","[(211.5, -1.5)]",353.5795525762201,211.5053190820505
"[(409.5, 1.5)]","[(240.5, 8.5)]","[(409.5, 1.5)]","[(240.5, 8.5)]",409.5027472435319,240.6501610221776
"[(356.5, 4.5)]","[(213.5, -2.5)]","[(356.5, 4.5)]","[(213.5, -2.5)]",356.52839999080015,213.514636500639
"[(388.5, -12.5)]","[(216.5, 7.5)]","[(388.5, -12.5)]","[(216.5, 7.5)]",388.7010419332575,216.6298686700428
"[(382.5, -9.5)]","[(219.5, 9.5)]","[(382.5, -9.5)]","[(219.5, 9.5)]",382.6179556685755,219.7054846834735
"[(417.5, -7.5)]","[(241.5, 1.5)]","[(417.5, -7.5)]","[(241.5, 1.5)]",417.56735983551204,241.50465834016535
"[(378.5, -12.5)]","[(214.5, -0.5)]","[(378.5, -12.5)]","[(214.5, -0.5)]",378.70635062010774,214.50058274979114
"[(444.5, 15.5)]","[(204.5, -0.5)]","[(444.5, 15.5)]","[(204.5, -0.5)]",444.7701653663384,204.50061124603027
"[(215.5, 6.5)]","[(461.5, -17.5)]","[(461.5, -17.5)]","[(215.5, 6.5)]",461.83167929452395,215.59800555663776
"[(284.5, -7.5)]","[(497.5, 6.5)]","[(497.5, 6.5)]","[(284.5, -7.5)]",497.542460499604,284.59884047550156
"[(230.5, -0.5)]","[(418.5, -13.5)]","[(418.5, -13.5)]","[(230.5, -0.5)]",418.7176853203122,230.5005422987113
"[(218.5, 0.5)]","[(497.5, -12.5)]","[(497.5, -12.5)]","[(218.5, 0.5)]",497.65701039973305,218.50057208163093
"[(241.5, -0.5)]","[(439.5, 5.5)]","[(439.5, 5.5)]","[(241.5, -0.5)]",439.5344127596837,241.500517597789
"[(400.5, 5.5)]","[(213.5, -6.5)]","[(400.5, 5.5)]","[(213.5, -6.5)]",400.5377635130051,213.5989232182597
"[(383.5, 9.5)]","[(227.5, -4.5)]","[(383.5, 9.5)]","[(227.5, -4.5)]",383.6176481863159,227.5445011420843
"[(214.5, -3.5)]","[(406.5, -12.5)]","[(406.5, -12.5)]","[(214.5, -3.5)]",406.69214401067546,214.52855287816584
"[(336.5, 5.5)]","[(200.5, -7.5)]","[(336.5, 5.5)]","[(200.5, -7.5)]",336.5449449924928,200.64022527898038
"[(407.5, 17.5)]","[(233.5, 4.5)]","[(407.5, 17.5)]","[(233.5, 4.5)]",407.87559377829905,233.5433578588781
"[(443.5, -9.5)]","[(262.5, -0.5)]","[(443.5, -9.5)]","[(262.5, -0.5)]",443.6017357946202,262.50047619004425
"[(337.5, 3.5)]","[(201.5, 3.5)]","[(337.5, 3.5)]","[(201.5, 3.5)]",337.51814766024063,201.53039472992654
"[(204.5, -1.5)]","[(469.5, 10.5)]","[(469.5, 10.5)]","[(204.5, -1.5)]",469.61739746308376,204.5055011485021
"[(373.5, -12.5)]","[(201.5, -1.5)]","[(373.5, -12.5)]","[(201.5, -1.5)]",373.7091114757573,201.50558304920486
"[(337.5, 3.5)]","[(201.5, 3.5)]","[(337.5, 3.5)]","[(201.5, 3.5)]",337.51814766024063,201.53039472992654
"[(398.5, 6.5)]","[(214.5, 7.5)]","[(398.5, 6.5)]","[(214.5, 7.5)]",398.5530077668465,214.63107883062975
"[(335.5, -1.5)]","[(200.5, -8.5)]","[(335.5, -1.5)]","[(200.5, -8.5)]",335.503353187416,200.6800936814611
"[(461.5, -14.5)]","[(215.5, 5.5)]","[(461.5, -14.5)]","[(215.5, 5.5)]",461.72773362664714,215.57017418928808
"[(457.5, -13.5)]","[(235.5, 3.5)]","[(457.5, -13.5)]","[(235.5, 3.5)]",457.6991369884807,235.52600705654567
"[(382.5, -13.5)]","[(211.5, 1.5)]","[(382.5, -13.5)]","[(211.5, 1.5)]",382.7381611493685,211.5053190820505
"[(397.5, -5.5)]","[(219.5, -0.5)]","[(397.5, -5.5)]","[(219.5, -0.5)]",397.5380484934744,219.50056947534327
"[(423.5, -8.5)]","[(223.5, -2.5)]","[(423.5, -8.5)]","[(223.5, -2.5)]",423.58529247366465,223.51398166557723
"[(378.5, 2.5)]","[(226.5, 3.5)]","[(378.5, 2.5)]","[(226.5, 3.5)]",378.5082561847231,226.52704032852236
"[(441.5, 18.5)]","[(265.5, -11.5)]","[(441.5, 18.5)]","[(265.5, -11.5)]",441.8874291038386,265.74894167239876
"[(468.5, 5.5)]","[(252.5, 5.5)]","[(468.5, 5.5)]","[(252.5, 5.5)]",468.53228277248945,252.55989388657892
"[(351.5, -9.5)]","[(202.5, -3.5)]","[(351.5, -9.5)]","[(202.5, -3.5)]",351.6283549431132,202.53024465496506
"[(404.5, -14.5)]","[(212.5, -6.5)]","[(404.5, -14.5)]","[(212.5, -6.5)]",404.7598053166841,212.59938852216862
"[(396.5, 0.5)]","[(226.5, 8.5)]","[(396.5, 0.5)]","[(226.5, 8.5)]",396.50031525838665,226.65943615918576
"[(460.5, 4.5)]","[(270.5, 9.5)]","[(460.5, 4.5)]","[(270.5, 9.5)]",460.5219864458156,270.666769293905
"[(511.5, 18.5)]","[(297.5, 9.5)]","[(511.5, 18.5)]","[(297.5, 9.5)]",511.83444589046564,297.65164202469975
"[(393.5, 16.5)]","[(226.5, -2.5)]","[(393.5, 16.5)]","[(226.5, -2.5)]",393.8457820010264,226.5137964893088
"[(495.5, 9.5)]","[(230.5, 3.5)]","[(495.5, 9.5)]","[(230.5, 3.5)]",495.5910612591797,230.52657113660456
"[(432.5, 16.5)]","[(210.5, -6.5)]","[(432.5, 16.5)]","[(210.5, -6.5)]",432.8146254460447,210.6003323834034
"[(378.5, 15.5)]","[(200.5, -2.5)]","[(378.5, 15.5)]","[(200.5, -2.5)]",378.81723825612795,200.51558542916308
"[(436.5, -15.5)]","[(251.5, -3.5)]","[(436.5, -15.5)]","[(251.5, -3.5)]",436.77511375993026,251.524352697706
"[(415.5, -11.5)]","[(225.5, 1.5)]","[(415.5, -11.5)]","[(225.5, 1.5)]",415.65911514124167,225.50498885833989
"[(457.5, 3.5)]","[(207.5, 8.5)]","[(457.5, 3.5)]","[(207.5, 8.5)]",457.5133877822593,207.67402341169202
"[(436.5, -7.5)]","[(250.5, -9.5)]","[(436.5, -7.5)]","[(250.5, -9.5)]",436.56442823482536,250.68007499599963
"[(342.5, 8.5)]","[(204.5, 8.5)]","[(342.5, 8.5)]","[(204.5, 8.5)]",342.6054582168825,204.67657413587906
"[(217.5, 0.5)]","[(418.5, 12.5)]","[(418.5, 12.5)]","[(217.5, 0.5)]",418.68663699717,217.50057471188438
"[(407.5, 9.5)]","[(233.5, -7.5)]","[(407.5, 9.5)]","[(233.5, -7.5)]",407.6107211543877,233.62041862816702
"[(400.5, 5.5)]","[(213.5, -6.5)]","[(400.5, 5.5)]","[(213.5, -6.5)]",400.5377635130051,213.5989232182597
"[(434.5, 9.5)]","[(252.5, 6.5)]","[(434.5, 9.5)]","[(252.5, 6.5)]",434.60384259691034,252.58364951041466
"[(469.5, 2.5)]","[(237.5, 0.5)]","[(469.5, 2.5)]","[(237.5, 0.5)]",469.5066559698595,237.5005263152063
"[(370.5, 5.5)]","[(220.5, -6.5)]","[(370.5, 5.5)]","[(220.5, -6.5)]",370.540820963089,220.5957841845578
"[(340.5, 10.5)]","[(201.5, 1.5)]","[(340.5, 10.5)]","[(201.5, 1.5)]",340.66185580425645,201.50558304920486
"[(442.5, -13.5)]","[(239.5, -0.5)]","[(442.5, -13.5)]","[(239.5, -0.5)]",442.7058843069516,239.50052192009937
"[(427.5, -3.5)]","[(221.5, 7.5)]","[(427.5, -3.5)]","[(221.5, 7.5)]",427.5143272452983,221.62693879580613
"[(224.5, 4.5)]","[(437.5, 15.5)]","[(437.5, 15.5)]","[(224.5, 4.5)]",437.7744853232084,224.54509569349315
"[(386.5, -3.5)]","[(219.5, 7.5)]","[(386.5, -3.5)]","[(219.5, 7.5)]",386.5158470231201,219.6280947419979
"[(400.5, 5.5)]","[(213.5, -6.5)]","[(400.5, 5.5)]","[(213.5, -6.5)]",400.5377635130051,213.5989232182597
"[(438.5, -3.5)]","[(225.5, 4.5)]","[(438.5, -3.5)]","[(225.5, 4.5)]",438.51396785051213,225.5448957524865
"[(432.5, 16.5)]","[(210.5, -6.5)]","[(432.5, 16.5)]","[(210.5, -6.5)]",432.8146254460447,210.6003323834034
"[(420.5, -8.5)]","[(230.5, 0.5)]","[(420.5, -8.5)]","[(230.5, 0.5)]",420.5859008573635,230.5005422987113
"[(375.5, 3.5)]","[(211.5, 7.5)]","[(375.5, 3.5)]","[(211.5, 7.5)]",375.51631123028466,211.6329369450795
"[(355.5, 8.5)]","[(206.5, 8.5)]","[(355.5, 8.5)]","[(206.5, 8.5)]",355.6016029210217,206.67486542876955
"[(344.5, -4.5)]","[(205.5, -1.5)]","[(344.5, -4.5)]","[(205.5, -1.5)]",344.52938916731034,205.5054743796379
"[(335.5, 12.5)]","[(200.5, -0.5)]","[(335.5, 12.5)]","[(200.5, -0.5)]",335.7327806455604,200.50062344042723
"[(366.5, 7.5)]","[(214.5, 5.5)]","[(366.5, 7.5)]","[(214.5, 5.5)]",366.57673139466993,214.57050123444276
"[(444.5, 16.5)]","[(207.5, -6.5)]","[(444.5, 16.5)]","[(207.5, -6.5)]",444.8061375475838,207.6017822659526
"[(225.5, 0.5)]","[(465.5, -17.5)]","[(465.5, -17.5)]","[(225.5, 0.5)]",465.8288312245175,225.50055432304373
"[(450.5, 6.5)]","[(217.5, -8.5)]","[(450.5, 6.5)]","[(217.5, -8.5)]",450.546889901595,217.666028585078
"[(398.5, -9.5)]","[(215.5, 0.5)]","[(398.5, -9.5)]","[(215.5, 0.5)]",398.6132210551978,215.50058004562308
"[(379.5, 16.5)]","[(218.5, 2.5)]","[(379.5, 16.5)]","[(218.5, 2.5)]",379.85852629630415,218.5143015914519
"[(223.5, 1.5)]","[(418.5, -1.5)]","[(418.5, -1.5)]","[(223.5, 1.5)]",418.5026881634095,223.5050335003666
"[(443.5, -10.5)]","[(241.5, 1.5)]","[(443.5, -10.5)]","[(241.5, 1.5)]",443.6242779650365,241.50465834016535
"[(268.5, 8.5)]","[(472.5, 10.5)]","[(472.5, 10.5)]","[(268.5, 8.5)]",472.61665226692975,268.6345100689783
"[(436.5, -15.5)]","[(251.5, -3.5)]","[(436.5, -15.5)]","[(251.5, -3.5)]",436.77511375993026,251.524352697706
"[(451.5, 13.5)]","[(255.5, 4.5)]","[(451.5, 13.5)]","[(255.5, 4.5)]",451.70178215278276,255.53962510734024
"[(452.5, 11.5)]","[(250.5, -2.5)]","[(452.5, 11.5)]","[(250.5, -2.5)]",452.64610900790916,250.5124747392832
"[(441.5, 18.5)]","[(265.5, -11.5)]","[(441.5, 18.5)]","[(265.5, -11.5)]",441.8874291038386,265.74894167239876
"[(397.5, 1.5)]","[(213.5, -0.5)]","[(397.5, 1.5)]","[(213.5, -0.5)]",397.50283017860386,213.5005854792909
"[(412.5, -13.5)]","[(207.5, 7.5)]","[(412.5, -13.5)]","[(207.5, 7.5)]",412.72084997004936,207.63549792846118
"[(335.5, -4.5)]","[(200.5, 8.5)]","[(335.5, -4.5)]","[(200.5, 8.5)]",335.5301774803572,200.6800936814611
"[(256.5, -7.5)]","[(450.5, -17.5)]","[(450.5, -17.5)]","[(256.5, -7.5)]",450.839771981133,256.60962569630937
"[(354.5, -6.5)]","[(211.5, 6.5)]","[(354.5, -6.5)]","[(211.5, 6.5)]",354.55958596546225,211.59985822301488
"[(357.5, 8.5)]","[(212.5, 6.5)]","[(357.5, 8.5)]","[(212.5, 6.5)]",357.60103467411835,212.59938852216862
"[(404.5, -14.5)]","[(212.5, -6.5)]","[(404.5, -14.5)]","[(212.5, -6.5)]",404.7598053166841,212.59938852216862
"[(346.5, -9.5)]","[(204.5, -3.5)]","[(346.5, -9.5)]","[(204.5, -3.5)]",346.6302064160018,204.52994890724437
"[(238.5, 6.5)]","[(441.5, -15.5)]","[(441.5, -15.5)]","[(238.5, 6.5)]",441.7720000181089,238.58855798214634
"[(379.5, 16.5)]","[(211.5, -7.5)]","[(379.5, 16.5)]","[(211.5, -7.5)]",379.85852629630415,211.6329369450795
"[(347.5, -13.5)]","[(205.5, -3.5)]","[(347.5, -13.5)]","[(205.5, -3.5)]",347.7621313484261,205.52980319165394
"[(382.5, -9.5)]","[(219.5, 9.5)]","[(382.5, -9.5)]","[(219.5, 9.5)]",382.6179556685755,219.7054846834735
"[(392.5, -8.5)]","[(228.5, 0.5)]","[(392.5, -8.5)]","[(228.5, 0.5)]",392.592027427965,228.50054704529703
"[(376.5, -13.5)]","[(209.5, -0.5)]","[(376.5, -13.5)]","[(209.5, -0.5)]",376.7419541277557,209.50059665786156
"[(241.5, -0.5)]","[(439.5, 5.5)]","[(439.5, 5.5)]","[(241.5, -0.5)]",439.5344127596837,241.500517597789
"[(365.5, -7.5)]","[(203.5, -6.5)]","[(365.5, -7.5)]","[(203.5, -6.5)]",365.5769412859624,203.60378189021932
"[(443.5, -5.5)]","[(262.5, -5.5)]","[(443.5, -5.5)]","[(262.5, -5.5)]",443.5341024092736,262.5576127252836
"[(341.5, -11.5)]","[(203.5, -3.5)]","[(341.5, -11.5)]","[(203.5, -3.5)]",341.69357617608205,203.530096054613
"[(407.5, -14.5)]","[(234.5, 9.5)]","[(407.5, -14.5)]","[(234.5, 9.5)]",407.75789385369353,234.69235181402908
"[(339.5, 12.5)]","[(203.5, 5.5)]","[(339.5, 12.5)]","[(203.5, 5.5)]",339.7300398846119,203.57431075653923
"[(225.5, -2.5)]","[(388.5, 0.5)]","[(388.5, 0.5)]","[(225.5, -2.5)]",388.5003217501885,225.5138576673283
"[(373.5, -12.5)]","[(201.5, -1.5)]","[(373.5, -12.5)]","[(201.5, -1.5)]",373.7091114757573,201.50558304920486
"[(425.5, 8.5)]","[(241.5, -2.5)]","[(425.5, 8.5)]","[(241.5, -2.5)]",425.584891649128,241.5129396119388
"[(414.5, -11.5)]","[(225.5, -8.5)]","[(414.5, -11.5)]","[(225.5, -8.5)]",414.65949886623844,225.66014269250118
"[(337.5, 3.5)]","[(201.5, 3.5)]","[(337.5, 3.5)]","[(201.5, 3.5)]",337.51814766024063,201.53039472992654
"[(397.5, -5.5)]","[(219.5, -0.5)]","[(397.5, -5.5)]","[(219.5, -0.5)]",397.5380484934744,219.50056947534327
"[(471.5, 15.5)]","[(258.5, -3.5)]","[(471.5, 15.5)]","[(258.5, -3.5)]",471.7547032091996,258.5236933048884
"[(434.5, 7.5)]","[(222.5, 4.5)]","[(434.5, 7.5)]","[(222.5, 4.5)]",434.56472475340195,222.54550096553288
"[(427.5, 6.5)]","[(231.5, 0.5)]","[(427.5, 6.5)]","[(231.5, 0.5)]",427.54941234902896,231.50053995617375
"[(213.5, 0.5)]","[(439.5, -3.5)]","[(439.5, -3.5)]","[(213.5, 0.5)]",439.51393607029115,213.5005854792909
"[(240.5, -4.5)]","[(403.5, 2.5)]","[(403.5, 2.5)]","[(240.5, -4.5)]",403.50774465925684,240.542096107937
"[(434.5, -11.5)]","[(250.5, -2.5)]","[(434.5, -11.5)]","[(250.5, -2.5)]",434.65215977836806,250.5124747392832
